{
   	"afghanistan":	"af",
	"aland islands":	"ax",
	"åland islands":	"ax",
	"albania":	"al",
	"algeria":	"dz",
	"american samoa":	"as",
	"andorra":	"ad",
	"angola":	"ao",
	"anguilla":	"ai",
	"antarctica":	"aq",
	"antigua and barbuda":	"ag",
	"antigua & barbuda":	"ag",
	"antigua":	"ag",
	"barbuda":	"ag",
	"argentina":	"ar",
	"armenia":	"am",
	"aruba":	"aw",
	"australia":	"au",
	"austria":	"at",
	"azerbaijan":	"az",
	"bahamas":	"bs",
	"the bahamas":	"bs",
	"bahrain":	"bh",
	"bangladesh":	"bd",
	"barbados":	"bb",
	"belarus":	"by",
	"belgium":	"be",
	"belize":	"bz",
	"benin":	"bj",
	"bermuda":	"bm",
	"bhutan":	"bt",
	"bolivia, plurinational state of":	"bo",
	"plurinational state of bolivia":	"bo",
	"bolivia":	"bo",
	"bosnia and herzegovina":	"ba",
	"bosnia & herzegovina":	"ba",
	"bosnia":	"ba",
	"herzegovina":	"ba",
	"botswana":	"bw",
	"bouvet island":	"bv",
	"brazil":	"br",
	"british indian ocean territory":	"io",
	"brunei darussalam":	"bn",
	"brunei":	"bn",
	"bulgaria":	"bg",
	"burkina faso":	"bf",
	"burundi":	"bi",
	"cambodia":	"kh",
	"cameroon":	"cm",
	"canada":	"ca",
	"cape verde":	"cv",
	"cape verde islands":	"cv",
	"cayman islands":	"ky",
	"caymans":	"ky",
	"central african republic":	"cf",
	"c.a.r.":	"cf",
	"car":	"cf",
	"chad":	"td",
	"chile":	"cl",
	"people's republic of china": "cn",
	"republic of china":	"tw",
	"p. r. of china": "cn",
	"p. r. china": "cn",
	"p.r. of china": "cn",
	"pr china": "cn",
	"R.O.C.":	"tw",
	"ROC":	"tw",
	"prc": "cn",
	"china":	"cn",
	"christmas island":	"cx",
	"cocos (keeling) islands":	"cc",
	"cocos islands":	"cc",
	"cocos and keeling islands":	"cc",
	"cocos & keeling islands":	"cc",
	"colombia":	"co",
	"comoros":	"km",
	"congo":	"cg",
	"congo, the democratic republic of the":	"cd",
	"congo, democratic republic of the":	"cd",
	"the democratic republic of the congo":	"cd",
	"democratic republic of the congo":	"cd",
	"drc":	"cd",
	"congo":	"cd",
	"cook islands":	"ck",
	"costa rica":	"cr",
	"cote d'ivoire":	"ci",
	"côte d'ivoire":	"ci",
	"ivory coast":	"ci",
	"croatia":	"hr",
	"cuba":	"cu",
	"cyprus":	"cy",
	"the czech republic": "cz",
	"czech republic":	"cz",
	"denmark":	"dk",
	"djibouti":	"dj",
	"dominica":	"dm",
	"dominican republic":	"do",
	"d.r.":	"do",
	"dr":	"do",
	"ecuador":	"ec",
	"egypt":	"eg",
	"el salvador":	"sv",
	"equatorial guinea":	"gq",
	"eritrea":	"er",
	"estonia":	"ee",
	"ethiopia":	"et",
	"falkland islands":	"fk",
	"falklands":	"fk",
	"malvinas":	"fk",
	"faroe islands":	"fo",
	"faroes":	"fo",
	"fiji":	"fj",
	"finland":	"fi",
	"france":	"fr",
	"french guiana":	"gf",
	"french polynesia":	"pf",
	"polynesia":	"pf",
	"french southern territories":	"tf",
	"gabon":	"ga",
	"gambia":	"gm",
	"georgia":	"ge",
	"germany":	"de",
	"ghana":	"gh",
	"gibraltar":	"gi",
	"greece":	"gr",
	"greenland":	"gl",
	"grenada":	"gd",
	"guadeloupe":	"gp",
	"guam":	"gu",
	"guatemala":	"gt",
	"guernsey":	"gg",
	"guinea":	"gn",
	"guinea-bissau":	"gw",
	"guyana":	"gy",
	"haiti":	"ht",
	"heard island and mcdonald islands":	"hm",
	"heard island & mcdonald islands":	"hm",
	"heard and mcdonald islands":	"hm",
	"heard island":	"hm",
	"mcdonald islands":	"hm",
	"holy see":	"va",
	"vatican city state":	"va",
	"vatican city":	"va",
	"vatican":	"va",
	"honduras":	"hn",
	"hong kong":	"hk",
	"hungary":	"hu",
	"iceland":	"is",
	"india":	"in",
	"indonesia":	"id",
	"iran, islamic republic of":	"ir",
	"islamic republic of iran":	"ir",
	"iran":	"ir",
	"iraq":	"iq",
	"republic of ireland":	"ie",
	"ireland":	"ie",
	"éire":	"ie",
	"isle of man":	"im",
	"israel":	"il",
	"italy":	"it",
	"jamaica":	"jm",
	"japan":	"jp",
	"jersey":	"je",
	"jordan":	"jo",
	"kazakhstan":	"kz",
	"kenya":	"ke",
	"kiribati":	"ki",
	"korea, democratic people's republic of":	"kp",
	"democratic people's republic of korea":	"kp",
	"dprk":	"kp",
	"north korea":	"kp",
	"korea, republic of":	"kr",
	"republic of korea":	"kr",
	"south korea":	"kr",
	"korea":	"kr",
	"kuwait":	"kw",
	"kyrgyzstan":	"kg",
	"lao people's democratic republic":	"la",
	"laos":	"la",
	"latvia":	"lv",
	"lebanon":	"lb",
	"lesotho":	"ls",
	"liberia":	"lr",
	"libyan arab jamahiriya":	"ly",
	"libya":	"ly",
	"liechtenstein":	"li",
	"lithuania":	"lt",
	"luxembourg":	"lu",
	"macao":	"mo",
	"macedonia, the former yugoslav republic of":	"mk",
	"macedonia, former yugoslav republic of":	"mk",
	"the former yugoslav republic of macedonia":	"mk",
	"former yugoslav republic of macedonia":	"mk",
	"f.y.r.o.m.":	"mk",
	"fyrom":	"mk",
	"macedonia":	"mk",
	"madagascar":	"mg",
	"malawi":	"mw",
	"malaysia":	"my",
	"maldives":	"mv",
	"mali":	"ml",
	"malta":	"mt",
	"marshall islands":	"mh",
	"marshalls":	"mh",
	"martinique":	"mq",
	"mauritania":	"mr",
	"mauritius":	"mu",
	"mayotte":	"yt",
	"mexico":	"mx",
	"micronesia, federated states of":	"fm",
	"federated states of micronesia":	"fm",
	"micronesia":	"fm",
	"moldova, republic of":	"md",
	"republic of moldova":	"md",
	"moldova":	"md",
	"monaco":	"mc",
	"mongolia":	"mn",
	"montenegro":	"me",
	"montserrat":	"ms",
	"morocco":	"ma",
	"mozambique":	"mz",
	"myanmar":	"mm",
	"namibia":	"na",
	"nauru":	"nr",
	"nepal":	"np",
	"holland":	"nl",
	"netherlands antilles":	"an",
	"the netherlands": "nl",
	"netherlands":	"nl",
	"new caledonia":	"nc",
	"new zealand":	"nz",
	"nicaragua":	"ni",
	"niger":	"ne",
	"nigeria":	"ng",
	"niue":	"nu",
	"norfolk island":	"nf",
	"northern mariana islands":	"mp",
	"marianas":	"mp",
	"norway":	"no",
	"oman":	"om",
	"pakistan":	"pk",
	"palau":	"pw",
	"palestinian territory, occupied":	"ps",
	"occupied palestinian territory":	"ps",
	"palestinian territory":	"ps",
	"palestinian authority":	"ps",
	"palestine":	"ps",
	"panama":	"pa",
	"papua new guinea":	"pg",
	"png":	"pg",
	"paraguay":	"py",
	"peru":	"pe",
	"the philippines":	"ph",
	"philippines":	"ph",
	"pitcairn":	"pn",
	"poland":	"pl",
	"portugal":	"pt",
	"puerto rico":	"pr",
	"qatar":	"qa",
	"reunion":	"re",
	"réunion":	"re",
	"romania":	"ro",
	"russian federation":	"ru",
	"russia":	"ru",
	"rwanda":	"rw",
	"saint barthélemy":	"bl",
	"saint barthelemy":	"bl",
	"saint barts":	"bl",
	"st. barthélemy":	"bl",
	"st. barthelemy":	"bl",
	"st. barts":	"bl",
	"st barthélemy":	"bl",
	"st barthelemy":	"bl",
	"st barts":	"bl",
	"saint helena, ascension and tristan da cunha":	"sh",
	"saint helena, ascension & tristan da cunha":	"sh",
	"saint helena":	"sh",
	"st. helena, ascension and tristan da cunha":	"sh",
	"st. helena, ascension & tristan da cunha":	"sh",
	"st. helena":	"sh",
	"st helena, ascension and tristan da cunha":	"sh",
	"st helena, ascension & tristan da cunha":	"sh",
	"st helena":	"sh",
	"ascension":	"sh",
	"tristan da cunha":	"sh",
	"saint kitts and nevis":	"kn",
	"saint kitts & nevis":	"kn",
	"saint kitts":	"kn",
	"st. kitts and nevis":	"kn",
	"st. kitts & nevis":	"kn",
	"st. kitts":	"kn",
	"st kitts and nevis":	"kn",
	"st kitts & nevis":	"kn",
	"st kitts":	"kn",
	"nevis":	"kn",
	"saint lucia":	"lc",
	"st. lucia":	"lc",
	"st lucia":	"lc",
	"saint martin":	"mf",
	"st. martin":	"mf",
	"st martin":	"mf",
	"saint pierre and miquelon":	"pm",
	"saint pierre & miquelon":	"pm",
	"saint pierre":	"pm",
	"st. pierre and miquelon":	"pm",
	"st. pierre & miquelon":	"pm",
	"st. pierre":	"pm",
	"st pierre and miquelon":	"pm",
	"st pierre & miquelon":	"pm",
	"st pierre":	"pm",
	"miquelon":	"pm",
	"saint vincent and the grenadines":	"vc",
	"saint vincent & the grenadines":	"vc",
	"saint vincent":	"vc",
	"st. vincent and the grenadines":	"vc",
	"st. vincent & the grenadines":	"vc",
	"st. vincent":	"vc",
	"st vincent and the grenadines":	"vc",
	"st vincent & the grenadines":	"vc",
	"st vincent":	"vc",
	"the grenadines":	"vc",
	"grenadines":	"vc",
	"samoa":	"ws",
	"san marino":	"sm",
	"sao tome and principe":	"st",
	"sao tome & principe":	"st",
	"sao tome":	"st",
	"principe":	"st",
	"saudi arabia":	"sa",
	"arabia":	"sa",
	"senegal":	"sn",
	"sénégal":	"sn",
	"serbia":	"rs",
	"seychelles":	"sc",
	"sierra leone":	"sl",
	"the republic of singapore":	"sg",
	"republic of singapore":	"sg",
	"singapore":	"sg",
	"slovakia":	"sk",
	"slovenia":	"si",
	"solomon islands":	"sb",
	"solomons":	"sb",
	"somalia":	"so",
	"south africa":	"za",
	"south georgia and the south sandwich islands":	"gs",
	"south georgia & the south sandwich islands":	"gs",
	"south georgia":	"gs",
	"the south sandwich islands":	"gs",
	"south sandwich islands":	"gs",
	"spain":	"es",
	"sri lanka":	"lk",
	"the sudan": "sd",
	"sudan":	"sd",
	"suriname":	"sr",
	"svalbard and jan mayen":	"sj",
	"svalbard & jan mayen":	"sj",
	"svalbard":	"sj",
	"jan mayen":	"sj",
	"swaziland":	"sz",
	"sweden":	"se",
	"switzerland":	"ch",
	"syrian arab republic":	"sy",
	"syria":	"sy",
	"taiwan, province of china":	"tw",
	"taiwan":	"tw",
	"tajikistan":	"tj",
	"tanzania, united republic of":	"tz",
	"united republic of tanzania":	"tz",
	"tanzania":	"tz",
	"thailand":	"th",
	"timor-leste":	"tl",
	"east timor":	"tl",
	"togo":	"tg",
	"tokelau":	"tk",
	"tonga":	"to",
	"trinidad and tobago":	"tt",
	"trinidad & tobago":	"tt",
	"trinidad":	"tt",
	"tobago":	"tt",
	"tunisia":	"tn",
	"turkey":	"tr",
	"turkmenistan":	"tm",
	"turks and caicos islands":	"tc",
	"turks & caicos islands":	"tc",
	"turks islands":	"tc",
	"turk islands":	"tc",
	"caicos islands":	"tc",
	"caico islands":	"tc",
	"tuvalu":	"tv",
	"uganda":	"ug",
	"ukraine":	"ua",
	"united arab emirates":	"ae",
	"u.a.e.":	"ae",
	"uae":	"ae",
	"dubai":	"ae",
	"united kingdom":	"gb",
	"u.k.":	"gb",
	"uk":	"gb",
	"great britain":	"gb",
	"g.b.":	"gb",
	"gb":	"gb",
	"england":	"gb",
	"scotland":	"gb",
	"wales":	"gb",
	"united states":	"us",
	"united states of america":	"us",
	"u.s.a.":	"us",
	"usa":	"us",
	"united states minor outlying islands":	"um",
	"uruguay":	"uy",
	"uzbekistan":	"uz",
	"vanuatu":	"vu",
	"venezuela, bolivarian republic of":	"ve",
	"bolivarian republic of venezuela":	"ve",
	"venezuela":	"ve",
	"viet nam":	"vn",
	"vietnam":	"vn",
	"british virgin islands":	"vg",
	"virgin islands, british":	"vg",
	"bvis":	"vg",
	"b.v.i.":	"vg",
	"bvi":	"vg",
	"virgin islands, us":	"vi",
	"the us virgin islands":	"vi",
	"us virgin islands":	"vi",
	"virgin islands":	"vi",
	"usvi":	"vi",
	"wallis and futuna":	"wf",
	"wallis & futuna":	"wf",
	"wallis":	"wf",
	"futuna":	"wf",
	"western sahara":	"eh",
	"yemen":	"ye",
	"zambia":	"zm",
	"zimbabwe":	"zw"
}